File,Test,Type,Label,Attack,Categoriche,Validation
AndMal_Shuffled.csv_FULL_TRAIN.csv,AndMal_Shuffled.csv_TEST.csv,ids,multilabel,normal,",",0.012500062500313
AndMal_Shuffled.csv_NO(ADWARE_KOODOUS)__TRAIN.csv,AndMal_Shuffled.csv_TEST.csv,ids,multilabel,ADWARE_KOODOUS,",",0.012500062500313
AndMal_Shuffled.csv_NO(RANSOMWARE_SIMPLOCKER)__TRAIN.csv,AndMal_Shuffled.csv_TEST.csv,ids,multilabel,RANSOMWARE_SIMPLOCKER,",",0.012500062500313
AndMal_Shuffled.csv_NO(SCAREWARE_ANDROIDDEFENDER)__TRAIN.csv,AndMal_Shuffled.csv_TEST.csv,ids,multilabel,SCAREWARE_ANDROIDDEFENDER,",",0.012500062500313
AndMal_Shuffled.csv_NO(SMSMALWARE_FAKEINST)__TRAIN.csv,AndMal_Shuffled.csv_TEST.csv,ids,multilabel,SMSMALWARE_FAKEINST,",",0.012500062500313
ADFANet_Meta.csv_FULL_TRAIN.csv,ADFANet_Meta.csv_TEST.csv,ids,multilabel,normal,",",0.012500062500313
ADFANet_Meta.csv_NO(1b)__TRAIN.csv,ADFANet_Meta.csv_TEST.csv,ids,multilabel,1b,",",0.012500062500313
ADFANet_Meta.csv_NO(mailbomb)__TRAIN.csv,ADFANet_Meta.csv_TEST.csv,ids,multilabel,mailbomb,",",0.012500062500313
ADFANet_Meta.csv_NO(neptune)__TRAIN.csv,ADFANet_Meta.csv_TEST.csv,ids,multilabel,neptune,",",0.012500062500313
ADFANet_Meta.csv_NO(other)__TRAIN.csv,ADFANet_Meta.csv_TEST.csv,ids,multilabel,other,",",0.012500062500313
ADFANet_Meta.csv_NO(portsweep)__TRAIN.csv,ADFANet_Meta.csv_TEST.csv,ids,multilabel,portsweep,",",0.012500062500313
CICIDS17_HalfShuffled2.csv_FULL_TRAIN.csv,CICIDS17_HalfShuffled2.csv_TEST.csv,ids,multilabel,normal,",",0.012500062500313
CICIDS17_HalfShuffled2.csv_NO(DoS)__TRAIN.csv,CICIDS17_HalfShuffled2.csv_TEST.csv,ids,multilabel,DoS,",",0.012500062500313
CICIDS17_HalfShuffled2.csv_NO(Patator)__TRAIN.csv,CICIDS17_HalfShuffled2.csv_TEST.csv,ids,multilabel,Patator,",",0.012500062500313
CICIDS17_HalfShuffled2.csv_NO(PortScan)__TRAIN.csv,CICIDS17_HalfShuffled2.csv_TEST.csv,ids,multilabel,PortScan,",",0.012500062500313
CICIDS18_Shuffled_Reduced.csv_FULL_TRAIN.csv,CICIDS18_Shuffled_Reduced.csv_TEST.csv,ids,multilabel,normal,"Protocol,Fwd_PSH_Flags,FIN_Flag_Cnt,SYN_Flag_Cnt,RST_Flag_Cnt,PSH_Flag_Cnt,ACK_Flag_Cnt,URG_Flag_Cnt,CWE_Flag_Count,ECE_Flag_Cnt,DownUp_Ratio",0.012500062500313
CICIDS18_Shuffled_Reduced.csv_NO(Bot)__TRAIN.csv,CICIDS18_Shuffled_Reduced.csv_TEST.csv,ids,multilabel,Bot,"Protocol,Fwd_PSH_Flags,FIN_Flag_Cnt,SYN_Flag_Cnt,RST_Flag_Cnt,PSH_Flag_Cnt,ACK_Flag_Cnt,URG_Flag_Cnt,CWE_Flag_Count,ECE_Flag_Cnt,DownUp_Ratio",0.012500062500313
CICIDS18_Shuffled_Reduced.csv_NO(DDOS attack-HOIC)__TRAIN.csv,CICIDS18_Shuffled_Reduced.csv_TEST.csv,ids,multilabel,DDOS attack-HOIC,"Protocol,Fwd_PSH_Flags,FIN_Flag_Cnt,SYN_Flag_Cnt,RST_Flag_Cnt,PSH_Flag_Cnt,ACK_Flag_Cnt,URG_Flag_Cnt,CWE_Flag_Count,ECE_Flag_Cnt,DownUp_Ratio",0.012500062500313
CICIDS18_Shuffled_Reduced.csv_NO(DDOS attack-LOIC-UDP)__TRAIN.csv,CICIDS18_Shuffled_Reduced.csv_TEST.csv,ids,multilabel,DDOS attack-LOIC-UDP,"Protocol,Fwd_PSH_Flags,FIN_Flag_Cnt,SYN_Flag_Cnt,RST_Flag_Cnt,PSH_Flag_Cnt,ACK_Flag_Cnt,URG_Flag_Cnt,CWE_Flag_Count,ECE_Flag_Cnt,DownUp_Ratio",0.012500062500313
CICIDS18_Shuffled_Reduced.csv_NO(DoS attacks-Hulk)__TRAIN.csv,CICIDS18_Shuffled_Reduced.csv_TEST.csv,ids,multilabel,DoS attacks-Hulk,"Protocol,Fwd_PSH_Flags,FIN_Flag_Cnt,SYN_Flag_Cnt,RST_Flag_Cnt,PSH_Flag_Cnt,ACK_Flag_Cnt,URG_Flag_Cnt,CWE_Flag_Count,ECE_Flag_Cnt,DownUp_Ratio",0.012500062500313
CICIDS18_Shuffled_Reduced.csv_NO(DoS attacks-SlowHTTPTest)__TRAIN.csv,CICIDS18_Shuffled_Reduced.csv_TEST.csv,ids,multilabel,DoS attacks-SlowHTTPTest,"Protocol,Fwd_PSH_Flags,FIN_Flag_Cnt,SYN_Flag_Cnt,RST_Flag_Cnt,PSH_Flag_Cnt,ACK_Flag_Cnt,URG_Flag_Cnt,CWE_Flag_Count,ECE_Flag_Cnt,DownUp_Ratio",0.012500062500313
CICIDS18_Shuffled_Reduced.csv_NO(FTP-BruteForce)__TRAIN.csv,CICIDS18_Shuffled_Reduced.csv_TEST.csv,ids,multilabel,FTP-BruteForce,"Protocol,Fwd_PSH_Flags,FIN_Flag_Cnt,SYN_Flag_Cnt,RST_Flag_Cnt,PSH_Flag_Cnt,ACK_Flag_Cnt,URG_Flag_Cnt,CWE_Flag_Count,ECE_Flag_Cnt,DownUp_Ratio",0.012500062500313
CICIDS18_Shuffled_Reduced.csv_NO(Infilteration)__TRAIN.csv,CICIDS18_Shuffled_Reduced.csv_TEST.csv,ids,multilabel,Infilteration,"Protocol,Fwd_PSH_Flags,FIN_Flag_Cnt,SYN_Flag_Cnt,RST_Flag_Cnt,PSH_Flag_Cnt,ACK_Flag_Cnt,URG_Flag_Cnt,CWE_Flag_Count,ECE_Flag_Cnt,DownUp_Ratio",0.012500062500313
CICIDS18_Shuffled_Reduced.csv_NO(SSH-Bruteforce)__TRAIN.csv,CICIDS18_Shuffled_Reduced.csv_TEST.csv,ids,multilabel,SSH-Bruteforce,"Protocol,Fwd_PSH_Flags,FIN_Flag_Cnt,SYN_Flag_Cnt,RST_Flag_Cnt,PSH_Flag_Cnt,ACK_Flag_Cnt,URG_Flag_Cnt,CWE_Flag_Count,ECE_Flag_Cnt,DownUp_Ratio",0.012500062500313
CIDDS_Shuffled.csv_FULL_TRAIN.csv,CIDDS_Shuffled.csv_TEST.csv,ids,multilabel,normal,"Proto,Flags",0.012500062500313
CIDDS_Shuffled.csv_NO(bruteForce)__TRAIN.csv,CIDDS_Shuffled.csv_TEST.csv,ids,multilabel,bruteForce,"Proto,Flags",0.012500062500313
CIDDS_Shuffled.csv_NO(dos)__TRAIN.csv,CIDDS_Shuffled.csv_TEST.csv,ids,multilabel,dos,"Proto,Flags",0.012500062500313
CIDDS_Shuffled.csv_NO(pingScan)__TRAIN.csv,CIDDS_Shuffled.csv_TEST.csv,ids,multilabel,pingScan,"Proto,Flags",0.012500062500313
CIDDS_Shuffled.csv_NO(portScan)__TRAIN.csv,CIDDS_Shuffled.csv_TEST.csv,ids,multilabel,portScan,"Proto,Flags",0.012500062500313
IoT_IDS.csv_FULL_TRAIN.csv,IoT_IDS.csv_TEST.csv,ids,multilabel,normal,",",0.012500062500313
IoT_IDS.csv_NO(ackflood)__TRAIN.csv,IoT_IDS.csv_TEST.csv,ids,multilabel,ackflood,",",0.012500062500313
IoT_IDS.csv_NO(bruteforce)__TRAIN.csv,IoT_IDS.csv_TEST.csv,ids,multilabel,bruteforce,",",0.012500062500313
IoT_IDS.csv_NO(http_flood)__TRAIN.csv,IoT_IDS.csv_TEST.csv,ids,multilabel,http_flood,",",0.012500062500313
IoT_IDS.csv_NO(mitm)__TRAIN.csv,IoT_IDS.csv_TEST.csv,ids,multilabel,mitm,",",0.012500062500313
IoT_IDS.csv_NO(scan_hotspot)__TRAIN.csv,IoT_IDS.csv_TEST.csv,ids,multilabel,scan_hotspot,",",0.012500062500313
IoT_IDS.csv_NO(scan_portos)__TRAIN.csv,IoT_IDS.csv_TEST.csv,ids,multilabel,scan_hotspot,",",0.012500062500313
IoT_IDS.csv_NO(syn_flood)__TRAIN.csv,IoT_IDS.csv_TEST.csv,ids,multilabel,syn_flood,",",0.012500062500313
IoT_IDS.csv_NO(udp_flood)__TRAIN.csv,IoT_IDS.csv_TEST.csv,ids,multilabel,udp_flood,",",0.012500062500313
IoT_IDS.csv_NO(scan_portos)__TRAIN.csv,IoT_IDS.csv_TEST.csv,ids,multilabel,scan_portoS,",",
ISCX_Meta.csv_FULL_TRAIN.csv,ISCX_Meta.csv_TEST.csv,ids,mutlilabel,normal,",",0.012500062500313
ISCX_Meta.csv_NO(Bruteforce)__TRAIN.csv,ISCX_Meta.csv_TEST.csv,ids,mutlilabel,Bruteforce,",",0.012500062500313
ISCX_Meta.csv_NO(DDoS)__TRAIN.csv,ISCX_Meta.csv_TEST.csv,ids,mutlilabel,DDoS,",",0.012500062500313
ISCX_Meta.csv_NO(DoS)__TRAIN.csv,ISCX_Meta.csv_TEST.csv,ids,mutlilabel,DoS,",",0.012500062500313
ISCX_Meta.csv_NO(Infiltration)__TRAIN.csv,ISCX_Meta.csv_TEST.csv,ids,mutlilabel,Infiltration,",",0.012500062500313
NSLKDD_Shuffled.csv_FULL_TRAIN.csv,NSLKDD_Shuffled.csv_TEST.csv,ids,multilabel,normal,"protocol_type,service,flag,DoS,wrong_fragment,hot,num_failed_logins,num_compromised,root_shell,num_file_creations,num_shells,num_outbound_cmds,is_host_login",0.012500062500313
NSLKDD_Shuffled.csv_NO(DoS)__TRAIN.csv,NSLKDD_Shuffled.csv_TEST.csv,ids,multilabel,DoS,"protocol_type,service,flag,DoS,wrong_fragment,hot,num_failed_logins,num_compromised,root_shell,num_file_creations,num_shells,num_outbound_cmds,is_host_login",0.012500062500313
NSLKDD_Shuffled.csv_NO(Probe)__TRAIN.csv,NSLKDD_Shuffled.csv_TEST.csv,ids,multilabel,Probe,"protocol_type,service,flag,DoS,wrong_fragment,hot,num_failed_logins,num_compromised,root_shell,num_file_creations,num_shells,num_outbound_cmds,is_host_login",0.012500062500313
NSLKDD_Shuffled.csv_NO(r2l)__TRAIN.csv,NSLKDD_Shuffled.csv_TEST.csv,ids,multilabel,r2l,"protocol_type,service,flag,DoS,wrong_fragment,hot,num_failed_logins,num_compromised,root_shell,num_file_creations,num_shells,num_outbound_cmds,is_host_login",0.012500062500313
NSLKDD_Shuffled.csv_NO(u2r)__TRAIN.csv,NSLKDD_Shuffled.csv_TEST.csv,ids,multilabel,u2r,"protocol_type,service,flag,DoS,wrong_fragment,hot,num_failed_logins,num_compromised,root_shell,num_file_creations,num_shells,num_outbound_cmds,is_host_login",0.012500062500313
SDN20_Shuffled.csv_FULL_TRAIN.csv,SDN20_Shuffled.csv_TEST.csv,ids,multilabel,normal,"Protocol,FIN Flag Cnt,SYN Flag Cnt,SYN Flag Cnt,RST Flag Cnt,PSH Flag Cnt,ACK Flag Cnt,Down/Up Ratio",0.012500062500313
SDN20_Shuffled.csv_NO(BFA)__TRAIN.csv,SDN20_Shuffled.csv_TEST.csv,ids,multilabel,BFA,"Protocol,FIN Flag Cnt,SYN Flag Cnt,SYN Flag Cnt,RST Flag Cnt,PSH Flag Cnt,ACK Flag Cnt,Down/Up Ratio",0.012500062500313
SDN20_Shuffled.csv_NO(DDoS)__TRAIN.csv,SDN20_Shuffled.csv_TEST.csv,ids,multilabel,DDoS,"Protocol,FIN Flag Cnt,SYN Flag Cnt,SYN Flag Cnt,RST Flag Cnt,PSH Flag Cnt,ACK Flag Cnt,Down/Up Ratio",0.012500062500313
SDN20_Shuffled.csv_NO(DoS)__TRAIN.csv,SDN20_Shuffled.csv_TEST.csv,ids,multilabel,DoS,"Protocol,FIN Flag Cnt,SYN Flag Cnt,SYN Flag Cnt,RST Flag Cnt,PSH Flag Cnt,ACK Flag Cnt,Down/Up Ratio",0.012500062500313
SDN20_Shuffled.csv_NO(Probe)__TRAIN.csv,SDN20_Shuffled.csv_TEST.csv,ids,multilabel,Probe,"Protocol,FIN Flag Cnt,SYN Flag Cnt,SYN Flag Cnt,RST Flag Cnt,PSH Flag Cnt,ACK Flag Cnt,Down/Up Ratio",0.012500062500313
SDN20_Shuffled.csv_NO(U2R)__TRAIN.csv,SDN20_Shuffled.csv_TEST.csv,ids,multilabel,U2R,"Protocol,FIN Flag Cnt,SYN Flag Cnt,SYN Flag Cnt,RST Flag Cnt,PSH Flag Cnt,ACK Flag Cnt,Down/Up Ratio",0.012500062500313
UGR_Shuffled.csv_FULL_TRAIN.csv,UGR_Shuffled.csv_TEST.csv,ids,multilabel,normal,"Protocol,Detail,Serv_Type",0.012500062500313
UGR_Shuffled.csv_NO(anomaly-spam)__TRAIN.csv,UGR_Shuffled.csv_TEST.csv,ids,multilabel,anomaly-spam,"Protocol,Detail,Serv_Type",0.012500062500313
UGR_Shuffled.csv_NO(blacklist)__TRAIN.csv,UGR_Shuffled.csv_TEST.csv,ids,multilabel,blacklist,"Protocol,Detail,Serv_Type",0.012500062500313
UGR_Shuffled.csv_NO(dos)__TRAIN.csv,UGR_Shuffled.csv_TEST.csv,ids,multilabel,dos,"Protocol,Detail,Serv_Type",0.012500062500313
UGR_Shuffled.csv_NO(nerisbotnet)__TRAIN.csv,UGR_Shuffled.csv_TEST.csv,ids,multilabel,nerisbotnet,"Protocol,Detail,Serv_Type",0.012500062500313
UGR_Shuffled.csv_NO(scan44)__TRAIN.csv,UGR_Shuffled.csv_TEST.csv,ids,multilabel,scan44,"Protocol,Detail,Serv_Type",0.012500062500313
UNSW_Shuffled.csv_FULL_TRAIN.csv,UNSW_Shuffled.csv_TEST.csv,ids,multilabel,normal,"proto,service,state,trans_depth,is_sm_ips_ports,sttl,dttl,is_ftp_login,ct_ftp_cmd,ct_flw_http_mthd",0.012500062500313
UNSW_Shuffled.csv_NO(Analysis)__TRAIN.csv,UNSW_Shuffled.csv_TEST.csv,ids,multilabel,Analysis,"proto,service,state,trans_depth,is_sm_ips_ports,sttl,dttl,is_ftp_login,ct_ftp_cmd,ct_flw_http_mthd",0.012500062500313
UNSW_Shuffled.csv_NO(Backdoor)__TRAIN.csv,UNSW_Shuffled.csv_TEST.csv,ids,multilabel,Backdoor,"proto,service,state,trans_depth,is_sm_ips_ports,sttl,dttl,is_ftp_login,ct_ftp_cmd,ct_flw_http_mthd",0.012500062500313
UNSW_Shuffled.csv_NO(DoS)__TRAIN.csv,UNSW_Shuffled.csv_TEST.csv,ids,multilabel,DoS,"proto,service,state,trans_depth,is_sm_ips_ports,sttl,dttl,is_ftp_login,ct_ftp_cmd,ct_flw_http_mthd",0.012500062500313
UNSW_Shuffled.csv_NO(Exploits)__TRAIN.csv,UNSW_Shuffled.csv_TEST.csv,ids,multilabel,Exploits,"proto,service,state,trans_depth,is_sm_ips_ports,sttl,dttl,is_ftp_login,ct_ftp_cmd,ct_flw_http_mthd",0.012500062500313
UNSW_Shuffled.csv_NO(Fuzzers)__TRAIN.csv,UNSW_Shuffled.csv_TEST.csv,ids,multilabel,Fuzzers,"proto,service,state,trans_depth,is_sm_ips_ports,sttl,dttl,is_ftp_login,ct_ftp_cmd,ct_flw_http_mthd",0.012500062500313
UNSW_Shuffled.csv_NO(Reconnaissance)__TRAIN.csv,UNSW_Shuffled.csv_TEST.csv,ids,multilabel,Reconnaissance,"proto,service,state,trans_depth,is_sm_ips_ports,sttl,dttl,is_ftp_login,ct_ftp_cmd,ct_flw_http_mthd",0.012500062500313
UNSW_Shuffled.csv_NO(Shellcode)__TRAIN.csv,UNSW_Shuffled.csv_TEST.csv,ids,multilabel,Shellcode,"proto,service,state,trans_depth,is_sm_ips_ports,sttl,dttl,is_ftp_login,ct_ftp_cmd,ct_flw_http_mthd",0.012500062500313
UNSW_Shuffled.csv_NO(Worms)__TRAIN.csv,UNSW_Shuffled.csv_TEST.csv,ids,multilabel,Worms,"proto,service,state,trans_depth,is_sm_ips_ports,sttl,dttl,is_ftp_login,ct_ftp_cmd,ct_flw_http_mthd",0.012500062500313
Face_Injected.csv_FULL_TRAIN.csv,Face_Injected.csv_TEST.csv,biometria,multilabel,normal,",",0.012500062500313
Face_Injected.csv_NO(CHANGE)__TRAIN.csv,Face_Injected.csv_TEST.csv,biometria,multilabel,CHANGE,",",0.012500062500313
Face_Injected.csv_NO(MISSING_DENIED)__TRAIN.csv,Face_Injected.csv_TEST.csv,biometria,multilabel,MISSING_DENIED,",",0.012500062500313
Face_Injected.csv_NO(MULTIPLE_CHANGE)__TRAIN.csv,Face_Injected.csv_TEST.csv,biometria,multilabel,MULTIPLE_CHANGE,",",0.012500062500313
Face_Injected.csv_NO(MULTIPLE_REPLAY)__TRAIN.csv,Face_Injected.csv_TEST.csv,biometria,multilabel,MULTIPLE_REPLAY,",",0.012500062500313
Fingerprint_Injected.csv_FULL_TRAIN.csv,Fingerprint_Injected.csv_TEST.csv,biometria,multilabel,normal,",",0.012500062500313
Fingerprint_Injected.csv_NO(CHANGE)__TRAIN.csv,Fingerprint_Injected.csv_TEST.csv,biometria,multilabel,CHANGE,",",0.012500062500313
Fingerprint_Injected.csv_NO(MISSING_DENIED)__TRAIN.csv,Fingerprint_Injected.csv_TEST.csv,biometria,multilabel,MISSING_DENIED,",",0.012500062500313
Fingerprint_Injected.csv_NO(MULTIPLE_CHANGE)__TRAIN.csv,Fingerprint_Injected.csv_TEST.csv,biometria,multilabel,MULTIPLE_CHANGE,",",0.012500062500313
Fingerprint_Injected.csv_NO(MULTIPLE_REPLAY)__TRAIN.csv,Fingerprint_Injected.csv_TEST.csv,biometria,multilabel,MULTIPLE_REPLAY,",",0.012500062500313
HandGesture_Injected.csv_FULL_TRAIN.csv,HandGesture_Injected.csv_TEST.csv,biometria,multilabel,normal,",",0.012500062500313
HandGesture_Injected.csv_NO(CHANGE)__TRAIN.csv,HandGesture_Injected.csv_TEST.csv,biometria,multilabel,CHANGE,",",0.012500062500313
HandGesture_Injected.csv_NO(MISSING_DENIED)__TRAIN.csv,HandGesture_Injected.csv_TEST.csv,biometria,multilabel,MISSING_DENIED,",",0.012500062500313
HandGesture_Injected.csv_NO(MULTIPLE_CHANGE)__TRAIN.csv,HandGesture_Injected.csv_TEST.csv,biometria,multilabel,MULTIPLE_CHANGE,",",0.012500062500313
HandGesture_Injected.csv_NO(MULTIPLE_REPLAY)__TRAIN.csv,HandGesture_Injected.csv_TEST.csv,biometria,multilabel,MULTIPLE_REPLAY,",",0.012500062500313
HumanGait_Injected.csv_FULL_TRAIN.csv,HumanGait_Injected.csv_TEST.csv,biometria,multilabel,normal,",",0.012500062500313
HumanGait_Injected.csv_NO(CHANGE)__TRAIN.csv,HumanGait_Injected.csv_TEST.csv,biometria,multilabel,CHANGE,",",0.012500062500313
HumanGait_Injected.csv_NO(MISSING_DENIED)__TRAIN.csv,HumanGait_Injected.csv_TEST.csv,biometria,multilabel,MISSING_DENIED,",",0.012500062500313
HumanGait_Injected.csv_NO(MULTIPLE_CHANGE)__TRAIN.csv,HumanGait_Injected.csv_TEST.csv,biometria,multilabel,MULTIPLE_CHANGE,",",0.012500062500313
HumanGait_Injected.csv_NO(MULTIPLE_REPLAY)__TRAIN.csv,HumanGait_Injected.csv_TEST.csv,biometria,multilabel,MULTIPLE_REPLAY,",",0.012500062500313
Keystroke_Tappy_Injected.csv_FULL_TRAIN.csv,Keystroke_Tappy_Injected.csv_TEST.csv,biometria,multilabel,normal,",",0.012500062500313
Keystroke_Tappy_Injected.csv_NO(CHANGE)__TRAIN.csv,Keystroke_Tappy_Injected.csv_TEST.csv,biometria,multilabel,CHANGE,",",0.012500062500313
Keystroke_Tappy_Injected.csv_NO(MISSING_DENIED)__TRAIN.csv,Keystroke_Tappy_Injected.csv_TEST.csv,biometria,multilabel,MISSING_DENIED,",",0.012500062500313
Keystroke_Tappy_Injected.csv_NO(MULTIPLE_CHANGE)__TRAIN.csv,Keystroke_Tappy_Injected.csv_TEST.csv,biometria,multilabel,MULTIPLE_CHANGE,",",0.012500062500313
Keystroke_Tappy_Injected.csv_NO(MULTIPLE_REPLAY)__TRAIN.csv,Keystroke_Tappy_Injected.csv_TEST.csv,biometria,multilabel,MULTIPLE_REPLAY,",",0.012500062500313
Swell_EDA_Injected.csv_FULL_TRAIN.csv,Swell_EDA_Injected.csv_TEST.csv,biometria,multilabel,normal,",",0.012500062500313
Swell_EDA_Injected.csv_NO(CHANGE)__TRAIN.csv,Swell_EDA_Injected.csv_TEST.csv,biometria,multilabel,CHANGE,",",0.012500062500313
Swell_EDA_Injected.csv_NO(MISSING_DENIED)__TRAIN.csv,Swell_EDA_Injected.csv_TEST.csv,biometria,multilabel,MISSING_DENIED,",",0.012500062500313
Swell_EDA_Injected.csv_NO(MULTIPLE_CHANGE)__TRAIN.csv,Swell_EDA_Injected.csv_TEST.csv,biometria,multilabel,MULTIPLE_CHANGE,",",0.012500062500313
Swell_EDA_Injected.csv_NO(MULTIPLE_REPLAY)__TRAIN.csv,Swell_EDA_Injected.csv_TEST.csv,biometria,multilabel,MULTIPLE_REPLAY,",",0.012500062500313
Voice_Injected.csv_FULL_TRAIN.csv,Voice_Injected.csv_TEST.csv,biometria,multilabel,normal,",",0.012500062500313
Voice_Injected.csv_NO(CHANGE)__TRAIN.csv,Voice_Injected.csv_TEST.csv,biometria,multilabel,CHANGE,",",0.012500062500313
Voice_Injected.csv_NO(MISSING_DENIED)__TRAIN.csv,Voice_Injected.csv_TEST.csv,biometria,multilabel,MISSING_DENIED,",",0.012500062500313
Voice_Injected.csv_NO(MULTIPLE_CHANGE)__TRAIN.csv,Voice_Injected.csv_TEST.csv,biometria,multilabel,MULTIPLE_CHANGE,",",0.012500062500313
Voice_Injected.csv_NO(MULTIPLE_REPLAY)__TRAIN.csv,Voice_Injected.csv_TEST.csv,biometria,multilabel,MULTIPLE_REPLAY,",",0.012500062500313
Wesad_EDA_Injected.csv_FULL_TRAIN.csv,Wesad_EDA_Injected.csv_TEST.csv,biometria,multilabel,normal,",",0.012500062500313
Wesad_EDA_Injected.csv_NO(CHANGE)__TRAIN.csv,Wesad_EDA_Injected.csv_TEST.csv,biometria,multilabel,CHANGE,",",0.012500062500313
Wesad_EDA_Injected.csv_NO(MISSING_DENIED)__TRAIN.csv,Wesad_EDA_Injected.csv_TEST.csv,biometria,multilabel,MISSING_DENIED,",",0.012500062500313
Wesad_EDA_Injected.csv_NO(MULTIPLE_CHANGE)__TRAIN.csv,Wesad_EDA_Injected.csv_TEST.csv,biometria,multilabel,MULTIPLE_CHANGE,",",0.012500062500313
Wesad_EDA_Injected.csv_NO(MULTIPLE_REPLAY)__TRAIN.csv,Wesad_EDA_Injected.csv_TEST.csv,biometria,multilabel,MULTIPLE_REPLAY,",",0.012500062500313
Wesad_HRV_Injected.csv_FULL_TRAIN.csv,Wesad_HRV_Injected.csv_TEST.csv,biometria,multilabel,normal,",",0.012500062500313
Wesad_HRV_Injected.csv_NO(CHANGE)__TRAIN.csv,Wesad_HRV_Injected.csv_TEST.csv,biometria,multilabel,CHANGE,",",0.012500062500313
Wesad_HRV_Injected.csv_NO(MISSING_DENIED)__TRAIN.csv,Wesad_HRV_Injected.csv_TEST.csv,biometria,multilabel,MISSING_DENIED,",",0.012500062500313
Wesad_HRV_Injected.csv_NO(MULTIPLE_CHANGE)__TRAIN.csv,Wesad_HRV_Injected.csv_TEST.csv,biometria,multilabel,MULTIPLE_CHANGE,",",0.012500062500313
Wesad_HRV_Injected.csv_NO(MULTIPLE_REPLAY)__TRAIN.csv,Wesad_HRV_Injected.csv_TEST.csv,biometria,multilabel,MULTIPLE_REPLAY,",",0.012500062500313
Swell_HRV_Injected.csv_FULL_TRAIN.csv,Swell_HRV_Injected.csv_TEST.csv,biometria,multilabel,normal,",",0.012500062500313
Swell_HRV_Injected.csv_NO(CHANGE)__TRAIN.csv,Swell_HRV_Injected.csv_TEST.csv,biometria,multilabel,CHANGE,",",0.012500062500313
Swell_HRV_Injected.csv_NO(MISSING_DENIED)__TRAIN.csv,Swell_HRV_Injected.csv_TEST.csv,biometria,multilabel,MISSING_DENIED,",",0.012500062500313
Swell_HRV_Injected.csv_NO(MULTIPLE_CHANGE)__TRAIN.csv,Swell_HRV_Injected.csv_TEST.csv,biometria,multilabel,MULTIPLE_CHANGE,",",0.012500062500313
Swell_HRV_Injected.csv_NO(MULTIPLE_REPLAY)__TRAIN.csv,Swell_HRV_Injected.csv_TEST.csv,biometria,multilabel,MULTIPLE_REPLAY,",",0.012500062500313
,,,,,,0.012500062500313
