File,Test,Type,Label,Attack
AndMal_Shuffled.csv_FULL_TRAIN.csv,AndMal_Shuffled.csv_TEST.csv,ids,multilabel,normal
AndMal_Shuffled.csv_NO(ADWARE_KOODOUS)__TRAIN.csv,AndMal_Shuffled.csv_TEST.csv,ids,multilabel,ADWARE_KOODOUS
AndMal_Shuffled.csv_NO(RANSOMWARE_SIMPLOCKER)__TRAIN.csv,AndMal_Shuffled.csv_TEST.csv,ids,multilabel,RANSOMWARE_SIMPLOCKER
AndMal_Shuffled.csv_NO(SCAREWARE_ANDROIDDEFENDER)__TRAIN.csv,AndMal_Shuffled.csv_TEST.csv,ids,multilabel,SCAREWARE_ANDROIDDEFENDER
AndMal_Shuffled.csv_NO(SMSMALWARE_FAKEINST)__TRAIN.csv,AndMal_Shuffled.csv_TEST.csv,ids,multilabel,SMSMALWARE_FAKEINST
ADFANet_Meta.csv_FULL_TRAIN.csv,ADFANet_Meta.csv_TEST.csv,ids,multilabel,normal
ADFANet_Meta.csv_NO(1b)__TRAIN.csv,ADFANet_Meta.csv_TEST.csv,ids,multilabel,1b
ADFANet_Meta.csv_NO(mailbomb)__TRAIN.csv,ADFANet_Meta.csv_TEST.csv,ids,multilabel,mailbomb
ADFANet_Meta.csv_NO(neptune)__TRAIN.csv,ADFANet_Meta.csv_TEST.csv,ids,multilabel,neptune
ADFANet_Meta.csv_NO(other)__TRAIN.csv,ADFANet_Meta.csv_TEST.csv,ids,multilabel,other
ADFANet_Meta.csv_NO(portsweep)__TRAIN.csv,ADFANet_Meta.csv_TEST.csv,ids,multilabel,portsweep
CICIDS17_HalfShuffled2.csv_FULL_TRAIN.csv,CICIDS17_HalfShuffled2.csv_TEST.csv,ids,multilabel,normal
CICIDS17_HalfShuffled2.csv_NO(DoS)__TRAIN.csv,CICIDS17_HalfShuffled2.csv_TEST.csv,ids,multilabel,DoS
CICIDS17_HalfShuffled2.csv_NO(Patator)__TRAIN.csv,CICIDS17_HalfShuffled2.csv_TEST.csv,ids,multilabel,Patator
CICIDS17_HalfShuffled2.csv_NO(PortScan)__TRAIN.csv,CICIDS17_HalfShuffled2.csv_TEST.csv,ids,multilabel,PortScan
CICIDS18_Shuffled_Reduced.csv_FULL_TRAIN.csv,CICIDS18_Shuffled_Reduced.csv_TEST.csv,ids,multilabel,normal
CICIDS18_Shuffled_Reduced.csv_NO(Bot)__TRAIN.csv,CICIDS18_Shuffled_Reduced.csv_TEST.csv,ids,multilabel,Bot
CICIDS18_Shuffled_Reduced.csv_NO(DDOS attack-HOIC)__TRAIN.csv,CICIDS18_Shuffled_Reduced.csv_TEST.csv,ids,multilabel,DDOS attack-HOIC
CICIDS18_Shuffled_Reduced.csv_NO(DDOS attack-LOIC-UDP)__TRAIN.csv,CICIDS18_Shuffled_Reduced.csv_TEST.csv,ids,multilabel,DDOS attack-LOIC-UDP
CICIDS18_Shuffled_Reduced.csv_NO(DoS attacks-Hulk)__TRAIN.csv,CICIDS18_Shuffled_Reduced.csv_TEST.csv,ids,multilabel,DoS attacks-Hulk
CICIDS18_Shuffled_Reduced.csv_NO(DoS attacks-SlowHTTPTest)__TRAIN.csv,CICIDS18_Shuffled_Reduced.csv_TEST.csv,ids,multilabel,DoS attacks-SlowHTTPTest
CICIDS18_Shuffled_Reduced.csv_NO(FTP-BruteForce)__TRAIN.csv,CICIDS18_Shuffled_Reduced.csv_TEST.csv,ids,multilabel,FTP-BruteForce
CICIDS18_Shuffled_Reduced.csv_NO(Infilteration)__TRAIN.csv,CICIDS18_Shuffled_Reduced.csv_TEST.csv,ids,multilabel,Infilteration
CICIDS18_Shuffled_Reduced.csv_NO(SSH-Bruteforce)__TRAIN.csv,CICIDS18_Shuffled_Reduced.csv_TEST.csv,ids,multilabel,SSH-Bruteforce
CIDDS_Shuffled.csv_FULL_TRAIN.csv,CIDDS_Shuffled.csv_TEST.csv,ids,multilabel,normal
CIDDS_Shuffled.csv_NO(bruteForce)__TRAIN.csv,CIDDS_Shuffled.csv_TEST.csv,ids,multilabel,bruteForce
CIDDS_Shuffled.csv_NO(dos)__TRAIN.csv,CIDDS_Shuffled.csv_TEST.csv,ids,multilabel,dos
CIDDS_Shuffled.csv_NO(pingScan)__TRAIN.csv,CIDDS_Shuffled.csv_TEST.csv,ids,multilabel,pingScan
CIDDS_Shuffled.csv_NO(portScan)__TRAIN.csv,CIDDS_Shuffled.csv_TEST.csv,ids,multilabel,portScan
IoT_IDS.csv_FULL_TRAIN.csv,IoT_IDS.csv_TEST.csv,ids,multilabel,normal
IoT_IDS.csv_NO(ackflood)__TRAIN.csv,IoT_IDS.csv_TEST.csv,ids,multilabel,ackflood
IoT_IDS.csv_NO(bruteforce)__TRAIN.csv,IoT_IDS.csv_TEST.csv,ids,multilabel,bruteforce
IoT_IDS.csv_NO(http_flood)__TRAIN.csv,IoT_IDS.csv_TEST.csv,ids,multilabel,http_flood
IoT_IDS.csv_NO(mitm)__TRAIN.csv,IoT_IDS.csv_TEST.csv,ids,multilabel,mitm
IoT_IDS.csv_NO(scan_hotspot)__TRAIN.csv,IoT_IDS.csv_TEST.csv,ids,multilabel,scan_hotspot
IoT_IDS.csv_NO(scan_portos)__TRAIN.csv,IoT_IDS.csv_TEST.csv,ids,multilabel,scan_hotspot
IoT_IDS.csv_NO(syn_flood)__TRAIN.csv,IoT_IDS.csv_TEST.csv,ids,multilabel,syn_flood
IoT_IDS.csv_NO(udp_flood)__TRAIN.csv,IoT_IDS.csv_TEST.csv,ids,multilabel,udp_flood
IoT_IDS.csv_NO(scan_portos)__TRAIN.csv,IoT_IDS.csv_TEST.csv,ids,multilabel,scan_portos
ISCX_Meta.csv_FULL_TRAIN.csv,ISCX_Meta.csv_TEST.csv,ids,mutlilabel,normal
ISCX_Meta.csv_NO(Bruteforce)__TRAIN.csv,ISCX_Meta.csv_TEST.csv,ids,mutlilabel,Bruteforce
ISCX_Meta.csv_NO(DDoS)__TRAIN.csv,ISCX_Meta.csv_TEST.csv,ids,mutlilabel,DDoS
ISCX_Meta.csv_NO(DoS)__TRAIN.csv,ISCX_Meta.csv_TEST.csv,ids,mutlilabel,DoS
ISCX_Meta.csv_NO(Infiltration)__TRAIN.csv,ISCX_Meta.csv_TEST.csv,ids,mutlilabel,Infiltration
NSLKDD_Shuffled.csv_FULL_TRAIN.csv,NSLKDD_Shuffled.csv_TEST.csv,ids,multilabel,normal
NSLKDD_Shuffled.csv_NO(DoS)__TRAIN.csv,NSLKDD_Shuffled.csv_TEST.csv,ids,multilabel,DoS
NSLKDD_Shuffled.csv_NO(Probe)__TRAIN.csv,NSLKDD_Shuffled.csv_TEST.csv,ids,multilabel,Probe
NSLKDD_Shuffled.csv_NO(r2l)__TRAIN.csv,NSLKDD_Shuffled.csv_TEST.csv,ids,multilabel,r2l
NSLKDD_Shuffled.csv_NO(u2r)__TRAIN.csv,NSLKDD_Shuffled.csv_TEST.csv,ids,multilabel,u2r
SDN20_Shuffled.csv_FULL_TRAIN.csv,SDN20_Shuffled.csv_TEST.csv,ids,multilabel,normal
SDN20_Shuffled.csv_NO(BFA)__TRAIN.csv,SDN20_Shuffled.csv_TEST.csv,ids,multilabel,BFA
SDN20_Shuffled.csv_NO(DDoS)__TRAIN.csv,SDN20_Shuffled.csv_TEST.csv,ids,multilabel,DDoS
SDN20_Shuffled.csv_NO(DoS)__TRAIN.csv,SDN20_Shuffled.csv_TEST.csv,ids,multilabel,DoS
SDN20_Shuffled.csv_NO(Probe)__TRAIN.csv,SDN20_Shuffled.csv_TEST.csv,ids,multilabel,Probe
SDN20_Shuffled.csv_NO(U2R)__TRAIN.csv,SDN20_Shuffled.csv_TEST.csv,ids,multilabel,U2R
UGR_Shuffled.csv_FULL_TRAIN.csv,UGR_Shuffled.csv_TEST.csv,ids,multilabel,normal
UGR_Shuffled.csv_NO(anomaly-spam)__TRAIN.csv,UGR_Shuffled.csv_TEST.csv,ids,multilabel,anomaly-spam
UGR_Shuffled.csv_NO(blacklist)__TRAIN.csv,UGR_Shuffled.csv_TEST.csv,ids,multilabel,blacklist
UGR_Shuffled.csv_NO(dos)__TRAIN.csv,UGR_Shuffled.csv_TEST.csv,ids,multilabel,dos
UGR_Shuffled.csv_NO(nerisbotnet)__TRAIN.csv,UGR_Shuffled.csv_TEST.csv,ids,multilabel,nerisbotnet
UGR_Shuffled.csv_NO(scan44)__TRAIN.csv,UGR_Shuffled.csv_TEST.csv,ids,multilabel,scan44
UNSW_Shuffled.csv_FULL_TRAIN.csv,UNSW_Shuffled.csv_TEST.csv,ids,multilabel,normal
UNSW_Shuffled.csv_NO(Analysis)__TRAIN.csv,UNSW_Shuffled.csv_TEST.csv,ids,multilabel,Analysis
UNSW_Shuffled.csv_NO(Backdoor)__TRAIN.csv,UNSW_Shuffled.csv_TEST.csv,ids,multilabel,Backdoor
UNSW_Shuffled.csv_NO(DoS)__TRAIN.csv,UNSW_Shuffled.csv_TEST.csv,ids,multilabel,DoS
UNSW_Shuffled.csv_NO(Exploits)__TRAIN.csv,UNSW_Shuffled.csv_TEST.csv,ids,multilabel,Exploits
UNSW_Shuffled.csv_NO(Fuzzers)__TRAIN.csv,UNSW_Shuffled.csv_TEST.csv,ids,multilabel,Fuzzers
UNSW_Shuffled.csv_NO(Reconnaissance)__TRAIN.csv,UNSW_Shuffled.csv_TEST.csv,ids,multilabel,Reconnaissance
UNSW_Shuffled.csv_NO(Shellcode)__TRAIN.csv,UNSW_Shuffled.csv_TEST.csv,ids,multilabel,Shellcode
UNSW_Shuffled.csv_NO(Worms)__TRAIN.csv,UNSW_Shuffled.csv_TEST.csv,ids,multilabel,Worms
Face_Injected.csv_FULL_TRAIN.csv,Face_Injected.csv_TEST.csv,biometria,multilabel,normal
Face_Injected.csv_NO(CHANGE)__TRAIN.csv,Face_Injected.csv_TEST.csv,biometria,multilabel,CHANGE
Face_Injected.csv_NO(MISSING_DENIED)__TRAIN.csv,Face_Injected.csv_TEST.csv,biometria,multilabel,MISSING_DENIED
Face_Injected.csv_NO(MULTIPLE_CHANGE)__TRAIN.csv,Face_Injected.csv_TEST.csv,biometria,multilabel,MULTIPLE_CHANGE
Face_Injected.csv_NO(MULTIPLE_REPLAY)__TRAIN.csv,Face_Injected.csv_TEST.csv,biometria,multilabel,MULTIPLE_REPLAY
Fingerprint_Injected.csv_FULL_TRAIN.csv,Fingerprint_Injected.csv_TEST.csv,biometria,multilabel,normal
Fingerprint_Injected.csv_NO(CHANGE)__TRAIN.csv,Fingerprint_Injected.csv_TEST.csv,biometria,multilabel,CHANGE
Fingerprint_Injected.csv_NO(MISSING_DENIED)__TRAIN.csv,Fingerprint_Injected.csv_TEST.csv,biometria,multilabel,MISSING_DENIED
Fingerprint_Injected.csv_NO(MULTIPLE_CHANGE)__TRAIN.csv,Fingerprint_Injected.csv_TEST.csv,biometria,multilabel,MULTIPLE_CHANGE
Fingerprint_Injected.csv_NO(MULTIPLE_REPLAY)__TRAIN.csv,Fingerprint_Injected.csv_TEST.csv,biometria,multilabel,MULTIPLE_REPLAY
HandGesture_Injected.csv_FULL_TRAIN.csv,HandGesture_Injected.csv_TEST.csv,biometria,multilabel,normal
HandGesture_Injected.csv_NO(CHANGE)__TRAIN.csv,HandGesture_Injected.csv_TEST.csv,biometria,multilabel,CHANGE
HandGesture_Injected.csv_NO(MISSING_DENIED)__TRAIN.csv,HandGesture_Injected.csv_TEST.csv,biometria,multilabel,MISSING_DENIED
HandGesture_Injected.csv_NO(MULTIPLE_CHANGE)__TRAIN.csv,HandGesture_Injected.csv_TEST.csv,biometria,multilabel,MULTIPLE_CHANGE
HandGesture_Injected.csv_NO(MULTIPLE_REPLAY)__TRAIN.csv,HandGesture_Injected.csv_TEST.csv,biometria,multilabel,MULTIPLE_REPLAY
HumanGait_Injected.csv_FULL_TRAIN.csv,HumanGait_Injected.csv_TEST.csv,biometria,multilabel,normal
HumanGait_Injected.csv_NO(CHANGE)__TRAIN.csv,HumanGait_Injected.csv_TEST.csv,biometria,multilabel,CHANGE
HumanGait_Injected.csv_NO(MISSING_DENIED)__TRAIN.csv,HumanGait_Injected.csv_TEST.csv,biometria,multilabel,MISSING_DENIED
HumanGait_Injected.csv_NO(MULTIPLE_CHANGE)__TRAIN.csv,HumanGait_Injected.csv_TEST.csv,biometria,multilabel,MULTIPLE_CHANGE
HumanGait_Injected.csv_NO(MULTIPLE_REPLAY)__TRAIN.csv,HumanGait_Injected.csv_TEST.csv,biometria,multilabel,MULTIPLE_REPLAY
Keystroke_Tappy_Injected.csv_FULL_TRAIN.csv,Keystroke_Tappy_Injected.csv_TEST.csv,biometria,multilabel,normal
Keystroke_Tappy_Injected.csv_NO(CHANGE)__TRAIN.csv,Keystroke_Tappy_Injected.csv_TEST.csv,biometria,multilabel,CHANGE
Keystroke_Tappy_Injected.csv_NO(MISSING_DENIED)__TRAIN.csv,Keystroke_Tappy_Injected.csv_TEST.csv,biometria,multilabel,MISSING_DENIED
Keystroke_Tappy_Injected.csv_NO(MULTIPLE_CHANGE)__TRAIN.csv,Keystroke_Tappy_Injected.csv_TEST.csv,biometria,multilabel,MULTIPLE_CHANGE
Keystroke_Tappy_Injected.csv_NO(MULTIPLE_REPLAY)__TRAIN.csv,Keystroke_Tappy_Injected.csv_TEST.csv,biometria,multilabel,MULTIPLE_REPLAY
Swell_EDA_Injected.csv_FULL_TRAIN.csv,Swell_EDA_Injected.csv_TEST.csv,biometria,multilabel,normal
Swell_EDA_Injected.csv_NO(CHANGE)__TRAIN.csv,Swell_EDA_Injected.csv_TEST.csv,biometria,multilabel,CHANGE
Swell_EDA_Injected.csv_NO(MISSING_DENIED)__TRAIN.csv,Swell_EDA_Injected.csv_TEST.csv,biometria,multilabel,MISSING_DENIED
Swell_EDA_Injected.csv_NO(MULTIPLE_CHANGE)__TRAIN.csv,Swell_EDA_Injected.csv_TEST.csv,biometria,multilabel,MULTIPLE_CHANGE
Swell_EDA_Injected.csv_NO(MULTIPLE_REPLAY)__TRAIN.csv,Swell_EDA_Injected.csv_TEST.csv,biometria,multilabel,MULTIPLE_REPLAY
Voice_Injected.csv_FULL_TRAIN.csv,Voice_Injected.csv_TEST.csv,biometria,multilabel,normal
Voice_Injected.csv_NO(CHANGE)__TRAIN.csv,Voice_Injected.csv_TEST.csv,biometria,multilabel,CHANGE
Voice_Injected.csv_NO(MISSING_DENIED)__TRAIN.csv,Voice_Injected.csv_TEST.csv,biometria,multilabel,MISSING_DENIED
Voice_Injected.csv_NO(MULTIPLE_CHANGE)__TRAIN.csv,Voice_Injected.csv_TEST.csv,biometria,multilabel,MULTIPLE_CHANGE
Voice_Injected.csv_NO(MULTIPLE_REPLAY)__TRAIN.csv,Voice_Injected.csv_TEST.csv,biometria,multilabel,MULTIPLE_REPLAY
Wesad_EDA_Injected.csv_FULL_TRAIN.csv,Wesad_EDA_Injected.csv_TEST.csv,biometria,multilabel,normal
Wesad_EDA_Injected.csv_NO(CHANGE)__TRAIN.csv,Wesad_EDA_Injected.csv_TEST.csv,biometria,multilabel,CHANGE
Wesad_EDA_Injected.csv_NO(MISSING_DENIED)__TRAIN.csv,Wesad_EDA_Injected.csv_TEST.csv,biometria,multilabel,MISSING_DENIED
Wesad_EDA_Injected.csv_NO(MULTIPLE_CHANGE)__TRAIN.csv,Wesad_EDA_Injected.csv_TEST.csv,biometria,multilabel,MULTIPLE_CHANGE
Wesad_EDA_Injected.csv_NO(MULTIPLE_REPLAY)__TRAIN.csv,Wesad_EDA_Injected.csv_TEST.csv,biometria,multilabel,MULTIPLE_REPLAY
Wesad_HRV_Injected.csv_FULL_TRAIN.csv,Wesad_HRV_Injected.csv_TEST.csv,biometria,multilabel,normal
Wesad_HRV_Injected.csv_NO(CHANGE)__TRAIN.csv,Wesad_HRV_Injected.csv_TEST.csv,biometria,multilabel,CHANGE
Wesad_HRV_Injected.csv_NO(MISSING_DENIED)__TRAIN.csv,Wesad_HRV_Injected.csv_TEST.csv,biometria,multilabel,MISSING_DENIED
Wesad_HRV_Injected.csv_NO(MULTIPLE_CHANGE)__TRAIN.csv,Wesad_HRV_Injected.csv_TEST.csv,biometria,multilabel,MULTIPLE_CHANGE
Wesad_HRV_Injected.csv_NO(MULTIPLE_REPLAY)__TRAIN.csv,Wesad_HRV_Injected.csv_TEST.csv,biometria,multilabel,MULTIPLE_REPLAY
Swell_HRV_Injected.csv_FULL_TRAIN.csv,Swell_HRV_Injected.csv_TEST.csv,biometria,multilabel,normal
Swell_HRV_Injected.csv_NO(CHANGE)__TRAIN.csv,Swell_HRV_Injected.csv_TEST.csv,biometria,multilabel,CHANGE
Swell_HRV_Injected.csv_NO(MISSING_DENIED)__TRAIN.csv,Swell_HRV_Injected.csv_TEST.csv,biometria,multilabel,MISSING_DENIED
Swell_HRV_Injected.csv_NO(MULTIPLE_CHANGE)__TRAIN.csv,Swell_HRV_Injected.csv_TEST.csv,biometria,multilabel,MULTIPLE_CHANGE
Swell_HRV_Injected.csv_NO(MULTIPLE_REPLAY)__TRAIN.csv,Swell_HRV_Injected.csv_TEST.csv,biometria,multilabel,MULTIPLE_REPLAY
